id,seek,start,end,text,tokens,temperature,avg_logprob,compression_ratio,no_speech_prob
0,0,0.0,9.0," On the regal Chingfest, Dr. Muhammad Amjit Salkan, chairman and founder of the Hubeh Foundation,","[50364, 1282, 264, 1121, 304, 47818, 32348, 11, 2491, 13, 19360, 2012, 73, 270, 318, 667, 282, 11, 22770, 293, 14917, 295, 264, 389, 1977, 71, 10335, 11, 50814]",0.0,-0.6502328955608866,1.4842105263157894,0.3391644358634949
1,0,9.0,18.0," professor Dr. Aftab-e-Maid Maidu, director of the university, professor Dr. Shazad Salfaraz,","[50814, 8304, 2491, 13, 316, 844, 455, 12, 68, 12, 44, 17810, 4042, 327, 84, 11, 5391, 295, 264, 5454, 11, 8304, 2491, 13, 1160, 921, 345, 318, 1678, 289, 921, 11, 51264]",0.0,-0.6502328955608866,1.4842105263157894,0.3391644358634949
2,0,18.0,28.0," director of Chinyot Faslamat campus, respected H.H.H. faculty, parents, guests and students,","[51264, 5391, 295, 761, 3519, 310, 479, 296, 4326, 267, 4828, 11, 20020, 389, 13, 39, 13, 39, 13, 6389, 11, 3152, 11, 9804, 293, 1731, 11, 51764]",0.0,-0.6502328955608866,1.4842105263157894,0.3391644358634949
3,2800,28.0,33.0," on behalf of the National University of Computer and Emerging Sciences,","[50364, 322, 9490, 295, 264, 4862, 3535, 295, 22289, 293, 18477, 3249, 21108, 11, 50614]",0.0,-0.3000681930118137,1.2781954887218046,0.02235930785536766
4,2800,33.0,40.0, you've only welcomed you all on the species occasion of medal distribution ceremony of the campus.,"[50614, 291, 600, 787, 23668, 291, 439, 322, 264, 6172, 9674, 295, 21364, 7316, 12813, 295, 264, 4828, 13, 50964]",0.0,-0.3000681930118137,1.2781954887218046,0.02235930785536766
